HorseID,HorseName,YearOfBirth,Sex,PrizeMoney,SireID,DamID,Starts,Wins,Seconds,Thirds
2591940,RYLEA LASS,2013,F,71788,125744,1669410,6,2,0,0
2592782,NEAPOLITAN,2013,M,74400,2383365,1672078,9,2,2,1
2592838,LOVE SPY,2013,M,172750,2407396,2464086,6,2,0,1
2593034,CLARO EL BANCO,2013,G,166440,1600574,1700909,10,1,0,2
2593105,MISS AMAJARDAN,2013,F,115680,2442043,2460190,6,2,0,2
2593155,GREYT START,2013,F,60200,2366912,6838,6,2,0,0
2593184,HAPPY EVENT,2013,F,164300,2466740,262234,10,3,2,2
2595077,DEFCON,2013,C,368250,33335,2155719,7,2,2,0
2595095,NICCOLANCE,2013,G,251660,2342890,2350876,8,2,2,0
2595097,VOLPINO,2013,G,144885,2592662,2595096,10,2,1,2
2595142,FRENCH FERN,2013,F,266600,2560709,1710013,7,2,0,1
2595150,PURRARI,2013,M,77425,1459209,2359773,6,2,1,0
2595156,CAPITALIST,2013,C,3545900,1647734,2336851,7,4,1,1
2595197,THE SEDUCTRESS,2013,M,117650,1628857,2379315,9,2,0,1
2595201,PEARL CONGENIAL,2013,F,111400,2595200,2345143,10,2,1,2
2595588,DIETERS,2013,G,134950,1647734,2197927,6,2,0,0
2597080,BANGS,2013,F,82100,269852,2597079,7,1,3,0
2597170,YANKEE ROSE,2013,M,2043700,2325324,2332440,10,4,2,1
2597377,SIKANDARABAD,2013,G,53011,264184,2595978,7,1,2,1
2597695,MR GARCIA,2013,G,195351,2310566,2069855,9,4,0,1
2597930,SIMANNKA,2013,M,78498,2344984,2597929,9,3,2,2
2598361,SUBMISSIVE,2013,F,55335,1483835,2445911,8,2,1,1
2598859,PRIZE MONEY,2013,G,988777,2151594,242701,7,2,1,0
2599162,OUR TIME WILL COME,2013,F,152600,264077,2156908,8,2,1,1
2599239,ISTHMIAN,2013,F,78216,2170124,2490836,9,4,0,0
2599298,RAFHA'S CHOICE,2013,G,99900,2170124,2450711,6,2,0,0
2599460,CHIPANDA,2013,F,114225,2471331,2154863,10,1,0,2
2599467,MATE STORY,2013,G,112770,2375148,2329116,10,3,0,2
2599619,EMTEVEE QUEEN,2013,F,58500,183468,1682793,5,2,0,1
2599735,THYME FOR ROSES,2013,F,139275,147271,2320268,5,2,0,0
2600495,INFRA DIG,2013,F,147000,55191,2335214,9,3,1,2
2600498,TELPERION,2013,C,482100,1483835,2474382,5,1,1,1
2600499,RETALIATION,2013,G,57585,1689806,2457361,8,2,0,1
2601740,POWER TRIP,2013,G,184825,2161466,2192767,8,1,0,0
2601748,GLORIETTE,2013,F,60575,100059,2314327,8,1,1,3
2601992,RATA TAT TAT,2013,G,57225,1606661,2601991,6,1,1,0
2602009,SASSY 'N' SMART,2013,F,61060,2470789,2404689,7,2,1,0
2602431,SIXTIES GROOVE,2013,G,106786,2142437,2602430,9,2,1,0
2602488,SAYROTHY,2013,G,126300,2405283,2571059,7,6,0,1
2602494,RUBY REMEDY,2013,F,75400,1654041,2554089,9,3,0,0
2603010,PEEKING DUCK,2013,F,93200,1627686,1649655,6,2,1,0
2603011,POP,2013,F,61675,2454569,2444594,8,1,1,0
2603079,MOOSHAKISSA,2013,F,106735,2329140,2402338,6,1,1,1
2603270,FLYING ARTIE,2013,C,1281000,1590168,2204985,6,3,2,1
2603290,ROCKABYEBABY,2013,M,54310,2355495,2401640,9,4,0,1
2603413,LESSYD,2013,G,124075,1600574,2603412,8,1,1,2
2603625,BIODYNAMIC,2013,G,55918,2201033,2089305,9,1,0,1
2603810,ZELADY'S NIGHT OUT,2013,F,206850,2198175,203575,6,3,0,0
2603826,SOVIET SECRET,2013,F,145500,1556339,2207163,9,1,3,1
2604105,DAWN RAID,2013,G,56705,264201,2333519,9,3,1,2
2604318,THE LAST KISS,2013,F,54300,2327559,2575197,10,2,0,0
2604473,DEMOLITION,2013,G,87600,1483835,2357263,8,3,0,2
2604509,RED VERDON,2013,H,395371,1442448,2604508,9,2,2,0
2604643,EVERY CHANCE,2013,C,55635,2471331,1678132,8,1,3,1
2604797,ASTERN,2013,C,1179050,1541719,2374902,8,5,2,0
2604873,SAMARA DANCER,2013,F,185000,2442043,2149546,8,2,1,1
2605153,RADCLIFFE,2013,G,55435,100059,2159276,8,1,0,2
2605159,SO SERENE,2013,F,106940,55191,2459459,8,1,1,0
2605169,TENAPPY LADIES,2013,H,73765,33335,2427637,9,3,2,0
2605170,WINNING RUPERT,2013,C,579500,1647734,1678148,5,5,0,0
2605336,TREVISO,2013,G,61305,1628857,1702346,7,2,1,2
2605427,HELL OF AN EFFORT,2013,G,125900,2402201,256296,8,3,0,0
2605634,GUEST EXPRESS,2013,G,67155,2594465,2470366,7,1,1,1
2605640,I AM BOUDICA,2013,F,192900,1472498,2512509,5,2,0,1
2605689,DIVINE PROPHET,2013,C,880525,33335,141009,9,3,1,1
2605693,EXTREME CHOICE,2013,C,1736250,266753,2415110,7,4,0,1
2606244,SCARLET RAIN,2013,F,341375,2400910,2480845,7,4,1,0
2606249,MEGA MALL,2013,M,102475,1651572,2606248,10,3,2,0
2606250,SKYLIGHT GLOW,2013,M,206555,2338799,2457837,10,2,1,2
2606260,FARSON,2013,G,219005,1628857,260795,6,4,0,0
2606326,SMART MANOEUVRE,2013,F,84800,2470789,2405295,10,1,2,2
2606339,BELOSO,2013,G,93900,2405283,2546322,8,2,1,0
2606620,MONGOLIAN FALCON,2013,C,128250,264216,1534288,8,3,2,2
2606803,GOLD RUSH,2013,F,69850,2414817,2374024,6,1,1,0
2607007,WANT TO ROCK,2013,F,110450,2375148,2370967,7,2,0,0
2607072,HONESTY PREVAILS,2013,F,240375,147271,2338792,5,1,0,0
2607076,DIPLOMACIA,2013,F,54135,1590168,43131,9,2,2,2
2607283,COCOEXCEL,2013,M,89120,55191,2370966,9,3,1,0
2607288,BROODWAR,2013,M,56535,254898,2314310,10,2,1,1
2607298,MALAIGO,2013,G,53240,1689806,157799,9,2,3,0
2607367,UGO FOSCOLO,2013,G,375212,2598704,2368060,8,5,0,0
2607371,NAJMAAT,2013,F,65750,2442043,2386245,7,1,0,1
2607741,GRIDELIN,2013,F,89585,2201033,180231,7,2,3,0
2607974,SILENT SEA,2013,M,54405,2594450,2087541,10,1,5,1
2607976,PIRAPALA,2013,M,50670,2471331,2483950,7,2,0,2
2608115,CAPANNELLO,2013,G,125800,2370461,2379227,9,2,1,0
2608117,MAGNAROCK,2013,G,50595,1658308,2579800,10,1,1,1
2608121,PEDRENA,2013,M,315200,116099,2446012,10,5,3,0
2608223,IMPERIAL VENUS,2013,G,55840,2494126,267738,9,3,0,1
2608314,MAGICALEASE,2013,G,63700,103686,2156842,7,3,1,0
2608323,NEVER BE DISCREET,2013,F,56050,55191,162041,8,2,2,2
2608324,SERENELY DISCREET,2013,M,213500,55191,2421215,8,3,0,1
2608344,LA MOULINE,2013,M,149985,2560661,2177240,8,5,1,2
2608474,MISS DEBUTANTE,2013,M,202210,264216,2608473,8,4,0,1
2608483,SEBRARIAN,2013,G,52200,2327559,2153662,9,1,1,1
2608485,MAN FROM UNCLE,2013,G,398050,2595608,2477069,7,3,1,1
2608495,TURF TAPPER,2013,G,59185,2466740,2354714,6,3,1,0
2608496,ROCK AND SWING,2013,H,53075,264216,1322174,10,1,0,1
2608591,BRING CHEER,2013,M,59125,2327559,1634901,7,3,1,0
2608594,MEDITERRANEAN,2013,G,105925,2470789,255537,9,1,1,0
2608599,AVIATOR,2013,G,64075,1628857,51279,8,2,0,0
2608617,HIGH CONVICTION,2013,F,171200,1628857,1687988,5,3,0,1
2608731,GRATWICK,2013,G,141800,2402201,2608730,9,2,1,5
2608734,FUSE,2013,G,52895,2470789,206625,10,1,1,0
2608736,SEGOVIA,2013,G,51190,2457906,2463922,9,1,1,4
2608861,LIFE'S REWARD,2013,G,69190,2402201,2608860,9,1,1,2
2608946,LADY DANE,2013,M,57305,263440,94616,5,1,1,1
2608947,VIATRIX,2013,F,67485,1590168,194589,10,2,4,0
2608955,HONEYWINE,2013,G,77795,1483835,1701274,10,1,1,0
2608959,OBSCURA,2013,G,75900,1483835,217744,8,2,1,2
2608972,ROYAL COMMAND,2013,G,99050,1710543,268549,7,3,1,1
2608979,STOICISM,2013,G,109325,116099,34949,10,3,1,1
2608982,SKY ATLAS,2013,G,53730,2147567,2208425,8,3,1,2
2609290,DIDDUMS,2013,M,213380,1628857,1671078,10,4,2,1
2609302,MILITARY MACHINE,2013,G,71880,116099,2454714,7,2,1,0
2609645,GAUGUIN,2013,G,64840,2597609,1653961,8,2,1,1
2609646,POTENT FORCE,2013,G,49200,264216,2367076,5,1,2,0
2609649,PELORUS JACK,2013,G,94975,2405283,165069,9,3,2,0
2609760,NOBLE TRUTH,2013,G,54905,1541719,2377126,10,1,3,2
2609795,BRAHMOS,2013,G,100525,2470789,1688795,7,3,2,0
2609863,LARLABROOK,2013,G,82360,2184769,133763,6,3,1,0
2610102,SEZANNE,2013,F,232035,1459209,2365636,9,2,4,1
2610105,NOIRE,2013,M,236120,2592662,193335,10,5,3,0
2610113,REVOLVER,2013,G,48890,2470789,1686746,10,2,0,2
2610234,CREATIVITY,2013,M,208500,2414962,2482555,9,4,1,2
2610440,HEPTAGON,2013,G,109240,2444505,2401993,8,4,0,3
2610464,BIG PHIL,2013,G,60625,2367069,2470491,8,2,3,1
2610587,ELEONORA,2013,M,272505,2461183,2500461,10,3,4,2
2610642,MOQLA,2013,F,92950,55191,2326916,5,2,0,0
2610660,ENCHANTED DREAM,2013,M,138724,1676953,2176218,9,3,3,0
2610671,MISSISSIPPI DELTA,2013,M,121565,1570484,113751,7,4,1,0
2610692,I'LL DECIDE,2013,F,58600,2170124,2098692,10,2,2,1
2610955,PEDWAY,2013,G,59400,266753,2610954,9,2,1,2
2610956,WALK THE STREETS,2013,M,71650,1483835,1654852,9,1,3,3
2611705,NEYLA'S GIRL,2013,M,58625,2334639,2421193,10,3,1,2
2611826,CAPPELLA MAGNA,2013,M,51730,1629509,162050,10,4,1,1
2611827,CROSS STITCH,2013,F,77485,135383,1661051,9,1,2,2
2611828,SMART AS,2013,M,53755,55191,1686738,9,3,0,0
2611833,PHOENIX CLAWS,2013,M,52820,2592662,24657,8,2,0,2
2611911,HIT TUNE,2013,G,79050,2407720,2168969,8,1,1,0
2611998,ASTRO DIVA,2013,F,56305,183468,2429052,10,1,2,2
2612112,IRITHEA,2013,M,97815,1628857,2571093,10,3,4,1
2612226,LITTLE ARLI,2013,G,62125,2150811,51929,10,3,2,2
2612227,PLANET'S PRINCESS,2013,M,59685,266753,2556549,8,3,0,2
2612229,SUGAR BELLA,2013,M,275640,266753,77602,8,6,1,0
2612636,I AM SPECIAL,2013,M,52060,2170124,2331680,6,3,0,0
2612637,RIGHT AS RAIN,2013,M,52095,1628857,78107,6,2,1,0
2612642,FAITH'S ENCORE,2013,M,114990,2383365,56314,10,2,1,3
2612713,HINERANGI,2013,M,52400,264216,2425426,8,3,2,0
2612831,SALORSCI,2013,G,245200,1678387,61508,7,5,0,0
2612833,WHERE'S WALLY,2013,G,138160,2407720,272061,10,4,1,1
2612889,WINNING STORY,2013,G,216496,2201033,2165419,8,3,0,1
2612968,UP THE TEMPO,2013,F,86400,2351761,2447025,10,2,1,2
2612985,BYE SEE,2013,M,147160,2327559,2448348,7,2,2,1
2613110,ISLA GRACE,2013,M,52385,2535831,2156848,8,2,1,1
2613186,GOLD DENARI,2013,M,65600,2346382,258735,9,3,1,1
2613377,OSBORNE BULLS,2013,G,304280,1483835,2420809,9,6,2,1
2613532,TRY A LIL HARDER,2013,M,73820,1600574,1666431,6,3,0,1
2613734,ZONK,2013,M,99765,2170124,2501326,8,2,4,0
2613955,BESIDE YOU,2013,M,51860,2184769,2184465,8,3,0,0
2614070,SACRED RHYTHM,2013,M,94125,242139,2158153,10,5,0,0
2614420,RHYMES,2013,M,84848,1541719,1667602,10,2,3,1
2614429,NOSEY,2013,G,51985,1556339,1699573,8,4,0,0
2615521,UNIQUE LOVELY,2013,M,198865,14219,2478625,8,3,0,1
2615523,NATCH,2013,G,52581,185107,2514633,10,2,5,1
2615708,MARCHING ON,2013,G,50145,2471331,2615707,9,2,4,0
2615758,RUSSIAN REVOLUTION,2013,H,1284225,1628857,2312412,10,6,0,0
2615792,NEVER SO SIRIUS,2013,M,52065,2493092,1649467,9,2,2,1
2615852,EMINENT SON,2013,G,49990,2493092,268757,9,2,2,2
2615910,MAGNETAR,2013,G,61100,2170124,103637,10,3,1,1
2615913,GOOD WEATHER,2013,G,71140,2450876,2615912,7,3,2,1
2616009,AHNDRAS,2013,M,105425,2470789,2560375,8,3,2,0
2616011,MASTERATI,2013,G,49380,2414962,2335825,8,2,1,2
2616030,RAIDEN,2013,G,86645,2592662,2330827,10,3,1,1
2616122,AND THERE IS MORE,2013,M,57895,116099,264413,10,2,3,0
2616182,NICTOCK,2013,G,155245,2342890,256863,8,7,0,1
2616229,FLAME OF LOVE,2013,M,54265,2470789,2451327,9,1,1,1
2616519,VIGILANCE,2013,M,104575,2471331,2616518,7,4,0,0
2616551,BILLY THE KID,2013,G,130900,263423,2178122,8,2,2,2
2616567,WHITE MOSS,2013,M,244595,116099,262671,10,5,1,1
2616594,TIME TO HUNT,2013,G,50687,2187849,1675127,8,2,3,0
2616725,MISS WONDERLAND,2013,M,166700,1628857,2386941,9,3,1,1
2616740,MR TINDALL,2013,G,64680,1687951,2552208,6,1,1,1
2616878,WINNING KISS,2013,F,78050,2407396,2158420,8,3,2,0
2616909,NAVAGIO,2013,M,69625,2598704,2351705,9,2,1,0
2616924,GOLDEN ORGANIC,2013,G,69545,2597609,2447186,9,1,1,2
2616962,CALL ME HANDSOME,2013,G,198806,2091495,2519086,8,3,2,3
2616981,GARBHAN,2013,G,58180,1691418,1702043,10,2,0,0
2616983,NORTHWEST PASSAGE,2013,G,270000,2414817,1675201,6,5,0,1
2617256,ACCELERATO,2013,G,60300,264216,2617255,7,1,2,2
2617516,ROSEITO,2013,M,76050,1628857,1660702,8,3,1,2
2617644,NURSE KITCHEN,2013,M,244800,263423,2207910,7,2,1,0
2617651,CAN DREAM,2013,M,51770,2466740,1685302,8,1,2,2
2617698,GUANGZHOU,2013,G,111650,264216,2080027,10,2,2,0
2617850,CRAZY POPS,2013,G,53200,2344636,2537093,8,2,3,1
2617857,MY MAHER,2013,M,60625,267782,2167342,7,4,1,0
2617997,ARTEMIS ROSE,2013,M,50510,100059,190262,8,1,3,1
2618291,GREEN PATINA,2013,F,99215,1600574,2157784,5,2,0,1
2618512,KOORINGAL STAR,2013,G,92165,2334639,192998,10,4,1,2
2618760,YOUNG GINA,2013,G,65000,2329140,105421,7,3,0,1
2618774,TAN TAT BEAUTY,2013,F,59750,1629509,2191311,5,1,1,0
2619985,FRENCH JET,2013,G,59800,1647548,2619984,9,2,2,0
2620188,ATHENA LASS,2013,F,93250,1628857,1681714,9,1,1,2
2620480,RADIANT ROUGE,2013,M,54135,1647734,265384,10,1,4,1
2620733,ALL OVER BOSANOVA,2013,M,185200,1695836,2547678,10,5,2,0
2620851,CASSADEE,2013,F,87750,147271,2389782,6,3,0,0
2620859,WORD GAMES,2013,M,52550,264216,1657288,10,1,1,2
2621018,ALL STAND,2013,G,102560,2170124,2591455,10,4,3,1
2621132,SPIRIT AND FIRE,2013,G,71805,1459209,2333518,9,2,0,0
2621135,ORIENTAL RUNNER,2013,G,87420,1307028,2150776,7,3,1,0
2621166,SOPHIE'S REVENGE,2013,M,62000,266946,2479298,10,3,0,2
2621360,LICITRA,2013,M,48701,2595200,270432,8,2,0,3
2621606,BEAUTIFUL VOICE,2013,F,59800,2594450,24370,9,2,1,2
2621724,ADDISON,2013,M,118200,2444505,2401967,8,3,1,2
2621917,EUSEBIO,2013,G,146550,2618795,181219,9,3,2,1
2621932,REKINDLING,2013,H,4123308,1570484,2059346,9,3,2,0
2622053,KING LEAR,2013,G,58850,264201,2540953,7,4,0,0
2622054,MAGIC CHOIR,2013,H,56455,103686,1626635,5,2,0,0
2622056,THE BAKER,2013,G,51400,264201,1662613,9,4,1,0
2622139,TABARD,2013,G,63460,264063,1701165,10,5,1,0
2622148,DAWN WALL,2013,M,294000,264216,2361346,9,4,1,0
2622248,RED RIGHT HAND,2013,G,56000,2453602,2534541,6,1,3,1
2622613,LONG TIME AGO,2013,M,174700,147271,2384854,10,3,1,2
2622623,SOCIAL ELEMENT,2013,G,96765,263423,2397442,10,2,3,1
2622783,WATERLOO SUNSET,2013,F,84810,264216,192377,10,2,1,2
2622858,SUGAR DANCE,2013,G,63735,2442043,212872,8,3,2,1
2622978,SURPRISE PARTY,2013,M,51600,36644,159534,7,3,0,0
2622995,REVEILLE,2013,M,127450,1570484,2412604,9,3,4,0
2623019,INTO ORBIT,2013,C,75250,2338799,2515070,5,2,1,0
2623236,MATTY,2013,G,66350,2342890,2415357,7,3,1,0
2623243,SEEBLUME,2013,M,53040,2327559,2373935,10,2,2,0
2623301,ALOT LIKE HOME,2013,G,81510,76421,1664908,10,4,3,1
2623412,FIRST APPROACH,2013,G,59890,2201033,2611496,7,1,0,3
2623416,RAYAS,2013,M,59060,2355495,1678443,10,4,1,0
2623481,JOY ANNA,2013,M,53580,2092681,2387453,10,4,0,0
2623617,SIKHING GLORY,2013,G,84780,2471331,274097,8,3,2,1
2623739,GOLLY MISS SOLLY,2013,M,48970,1629509,1650927,5,3,1,0
2623745,GREAT JOB,2013,G,85975,1561296,2466553,8,5,1,0
2623747,FLOYD,2013,G,155600,266753,235568,10,5,3,0
2624012,EAT DESSERT FIRST,2013,M,54840,2310094,6730,6,1,3,1
2624015,SUPER STAR BOB,2013,G,114340,116099,2544457,10,4,0,3
2624020,KID FLASH,2014,G,53650,2455622,269773,5,2,1,0
2624021,TIME AWAITS,2014,F,278035,2342890,1450484,9,3,2,0
2624022,PASEETO,2014,C,72100,2342890,2316997,6,2,0,2
2624034,PENINSULA LINKS,2013,F,115400,1658308,2318038,10,4,3,1
2624134,LAUNCH CODE,2013,G,83625,2470789,1627682,5,2,1,0
2624138,ACHERNAR STAR,2014,G,573246,2462404,2502667,9,3,4,1
2624140,LOB CITY,2014,F,162100,2139871,2158280,9,2,0,0
2624279,BEYOND THE DREAM,2013,M,58075,2466740,2405045,7,2,2,0
2624404,RAT WITH GOLDTOOTH,2013,M,62550,267782,2189522,6,2,2,0
2624416,VINCERO,2013,G,52900,1629509,1654591,5,2,1,1
2624427,MISS WAHOO,2014,F,97100,2414962,2477660,6,2,1,1
2624443,SEVEN YEAR REWARD,2013,G,62050,2402201,2455624,8,3,1,2
2624600,AUGUSTUS,2014,G,74845,1628857,71464,10,2,1,1
2624601,RADIANT CHOICE,2014,G,70425,33335,2193957,10,1,1,2
2624614,ATHLETE,2014,G,51625,2471461,2032769,6,2,0,0
2624628,KARLAKEE MISS,2013,M,108725,264077,87693,10,4,4,1
2624700,INSIDE AGENT,2013,C,110950,263434,1649742,6,1,1,0
2624751,ACCEPTILE,2014,C,69200,2470789,2391907,9,1,3,4
2624756,HINGUS ROSE,2014,F,85200,2184618,152468,8,2,1,2
2624868,ENIGMAN,2013,G,72450,2198175,111673,8,3,0,1
2624871,MAWHOOBA,2013,F,54210,264216,2099228,8,2,2,1
2625022,SET TO SPARKLE,2013,M,146600,1307028,2334840,7,4,2,1
2625024,GRACENA,2013,M,58000,2407528,2124427,7,3,1,2
2625031,BOWERMAN,2014,G,60100,1628857,2499572,6,1,1,1
2625035,NATHULA,2014,G,69130,2471331,2334052,8,2,3,0
2625037,LANGLEY,2014,G,53895,147271,2404689,6,1,2,0
2625040,JORDA,2014,F,244275,55191,1687935,6,2,0,2
2625047,VILLA CARLOTTA,2014,F,92580,1483835,2615707,7,1,0,1
2625049,INQUIRY,2014,G,78095,55191,2424748,7,2,0,1
2625066,EQUAL BALANCE,2014,G,108205,2442043,2611834,8,3,1,1
2625071,KANGA'S EYE,2014,F,67450,2383365,2424404,8,1,2,2
2625076,PIRACY,2014,G,140950,55191,1676568,10,3,2,0
2625087,CHAIN OF FOOLS,2014,F,96560,1459209,2329481,10,2,3,2
2625093,RED ZEPHYR,2014,G,64990,1628857,2486866,10,2,1,2
2625095,PIERATA,2014,C,1746850,2624434,274588,9,4,2,1
2625098,INVADER,2014,C,968375,1628857,1685413,9,2,3,0
2625099,CHAUFFEUR,2014,C,555250,1628857,1676960,10,1,2,1
2625106,PICKELHAUBE,2014,G,66125,2471461,115701,7,2,1,2
2625116,JUNGLIZED,2014,G,129430,1628857,1634909,10,4,2,1
2625120,LUCY MAE,2014,F,545898,1629509,145524,10,2,3,0
2625128,AMBIENTE,2013,G,54200,2081172,2156340,5,3,1,0
2625129,LITTLE HERCULES,2014,G,86850,2572599,2601383,8,1,1,1
2625154,LUQYAA,2014,F,86050,55191,31693,9,1,2,1
2625176,ROYAL ORDER,2013,G,146050,36644,2168808,7,2,1,1
2625262,PHUKET,2013,G,77400,1541719,1684124,10,3,0,1
2625310,SOLO MISSION,2013,G,77116,2540437,2119155,10,3,2,1
2625504,RUN GYPSY RUN,2013,M,93400,264216,1692675,8,2,2,0
2625563,GOLDMINE,2013,M,63325,2400910,2446216,10,4,0,2
2625617,MAJESTIC PEDRILLE,2013,M,72280,100059,2340518,10,2,2,3
2625688,LUIZA,2014,F,90380,2170124,1679082,5,1,0,0
2625696,IMPROVISE,2014,F,137165,2442043,1676838,9,2,1,1
2625698,HYPNOTIST,2014,C,91300,1628857,2617006,7,3,0,0
2625726,RUBIA MISS,2014,F,98500,2442043,115815,10,1,3,1
2625762,OURS TO KEEP,2014,G,277700,1632492,1630406,9,3,0,0
2625796,DOUBLE JEOPARDY,2014,C,62215,55191,1681718,6,1,2,1
2625799,MADEENATY,2014,F,532430,55191,2412523,10,2,2,3
2625801,NETHERFIELD,2013,G,112250,1661929,192779,8,2,4,0
2625906,TABLE MOUNTAIN,2014,G,56765,2541568,2479130,6,1,2,1
2625966,TEASPOON,2014,F,186250,1628857,223417,5,2,0,1
2625968,CATMOSPHERE,2014,G,56140,1629509,2476941,6,1,1,0
2625976,POETIC CHARMER,2014,G,68215,2624607,2625975,8,1,3,1
2625977,BULL MARKET,2014,C,90090,1647734,1631458,7,2,1,0
2626152,HARD OF HEART,2014,G,57775,1628857,2159967,6,1,1,1
2626163,HONORFIC,2014,G,56065,270145,44409,9,2,1,0
2626263,EPIDEMIC,2014,F,296055,100059,1636340,8,3,0,3
2626264,THRILLED,2014,G,72570,55191,1670882,9,2,4,0
2626265,RESIN,2014,F,100935,55191,2408354,5,3,1,0
2626266,PATRIA,2014,G,89110,55191,2454717,7,4,1,0
2626330,SHE'S OUR STAR,2014,F,95400,2450876,2559019,7,2,0,3
2626332,JUKEBOX,2014,C,339900,1628857,2168969,6,3,2,0
2626468,ZINZI,2014,F,55000,1628857,1648425,8,2,0,0
2626534,KITTEAU,2013,G,52915,2453597,1627403,10,1,4,2
2626544,RHYTHMICAL,2013,G,49950,2168850,2626543,9,3,0,1
2626680,REACTANT,2014,G,51500,1647548,2495925,7,3,1,0
2626796,REBELLIONAIRE,2014,G,50890,1629509,2497248,5,1,2,0
2626841,CHAMPAGNE CUDDLES,2014,F,630700,266753,254404,7,2,4,1
2626849,SCHOLARLY,2013,G,105420,1570484,2450606,8,5,1,0
2626883,ICE FROST,2013,M,101600,14219,2020616,10,4,3,0
2626991,THE PASSAGE,2013,G,122140,2453602,259050,10,2,1,1
2626995,STRELA,2014,G,56350,2470789,2427024,5,2,2,0
2627003,CRITICAL THINKING,2013,G,54100,2414817,140862,8,3,1,0
2627008,RHYTHM OF LIGHT,2014,F,59200,2442043,2494174,10,2,2,2
2627030,LA CHICA BELLA,2013,M,86400,1606661,2506957,8,3,1,1
2627207,DANCE OF LIFE,2013,H,53853,2344984,1379888,6,1,2,1
2627210,LONE EAGLE,2014,C,108900,2593191,2320241,6,1,1,1
2627217,AZAZEL,2014,C,261150,1628857,2558721,10,2,1,0
2627218,DESTINY'S OWN,2014,C,91710,2471331,2439756,7,2,2,2
2627221,MIGHTY BOSS,2014,C,1259750,266753,2371633,8,2,1,0
2627223,WIRED,2014,F,68050,1686737,82194,7,1,3,2
2627243,PARALLEL WORLD,2013,M,66465,2344457,2453687,9,2,3,0
2627257,BIG SUR,2013,G,103335,2518277,131193,10,2,1,1
2627272,COLOURFUL CHARADE,2014,G,54296,264077,2182681,7,1,1,2
2627407,REVENIRE,2014,C,129765,100059,2370941,6,3,1,0
2627411,CONNOISSEUR,2014,G,64325,55191,138324,7,2,3,0
2627413,VERANILLO,2014,G,293575,1541719,2474656,9,2,2,1
2627414,INTUITION,2014,G,97820,1483835,2457128,8,3,1,0
2627418,DELADIES BOY,2014,C,72730,2624223,2627417,8,2,2,1
2627432,OVERPLAY,2014,C,86600,1647734,1658984,9,2,1,0
2627488,SPIRITUAL GIRL,2014,F,56500,255184,153726,5,2,0,0
2627508,ADORADANCER,2014,F,67825,2365980,216004,6,2,1,1
2627509,DARKTOWN STRUTTER,2014,F,55500,2170124,1644332,8,4,0,0
2627528,PURE EMOTION,2014,F,119785,55191,2460192,10,1,2,1
2627547,THE BANK MANAGER,2014,G,67000,2330453,260867,5,2,1,1
2627568,SERENE MISS,2013,M,556270,2338799,1648287,7,6,0,0
2627583,STAR TREASURE,2014,G,113900,100059,2419804,9,1,1,1
2627722,ORDER AGAIN,2013,G,160700,2092681,2465507,8,3,2,1
2627817,STEPS,2013,H,81600,1538155,2627816,8,2,1,1
2627895,I AM SERIOUS,2013,M,211720,33335,268008,8,5,1,1
2627900,DESPATCH,2014,G,270860,1647734,1686853,5,3,0,1
2627979,CALCULATED,2014,C,260200,2414817,1699437,7,1,2,2
2628014,COOL MOVER,2014,F,81900,2442043,2427176,9,1,1,1
2628016,SERIOUS DOUBTS,2014,F,48600,2330453,44446,10,1,1,0
2628017,CABIN FEVER,2014,F,100150,2330453,2325468,8,1,0,0
2628018,BOOM BOOM EPIC,2014,F,97800,2327559,2192753,9,2,4,1
2628022,CATALINA MISS,2014,F,60200,2330453,2604116,6,1,3,0
2628048,RUBY RED HEART,2014,F,91700,163247,2359663,7,1,0,2
2628055,TAPA,2014,F,51680,2612882,2198772,10,3,2,1
2628079,WACKED OUT,2014,C,107800,1689762,2511880,9,1,0,1
2628099,HOMESMAN,2013,G,354639,1645739,2039161,9,3,2,1
2628281,ARCTIC ANGEL,2014,F,157650,2161466,2175759,7,1,1,1
2628283,STRAVIERA,2014,F,58900,1629509,2410451,9,3,1,0
2628285,BROADBAND,2014,F,124450,2327559,2402338,8,1,1,1
2628296,WITNESS,2013,M,52850,2370485,2155642,10,3,3,1
2628306,SOUFFRANT,2014,G,72550,2327559,2584918,9,3,1,0
2628307,MOLTEN,2014,G,89240,1483835,2476719,10,3,0,2
2628312,TERWILLIKER,2014,G,50755,2624434,2402339,10,1,1,2
2628313,SERENA BAY,2014,F,231275,2327559,2485290,6,3,0,1
2628314,ENVY OF ALL,2014,F,82680,2624607,2199312,7,1,3,2
2628316,MEMENTO,2014,F,78675,2624607,167921,9,1,2,1
2628318,MOSS TRIP,2014,F,446035,116099,2628317,9,4,1,2
2628322,LOVELETTER,2013,M,51365,53796,2625114,10,1,3,1
2628631,CHAMP ELECT,2014,F,124600,33335,2628630,6,3,0,0
2628633,ASPECT,2014,G,132900,2612505,2353390,8,1,1,0
2628636,KOBAYASHI,2014,C,145350,2170124,2628635,6,2,0,1
2628651,ASTOR,2014,F,87525,2092681,2551024,9,4,1,2
2628760,DERASA,2014,F,82215,2463188,221881,6,3,2,1
2628807,MAGNATTI,2013,M,73950,1658308,2450879,6,3,0,0
2628810,VINLAND,2014,G,134900,2327559,2187175,9,2,0,0
2628827,DEMERARA,2014,F,202725,36644,1658783,8,5,0,1
2628834,EXCELSIOR,2014,C,62980,2594450,1674018,9,2,1,0
2628848,PENSKE,2013,G,75250,2327559,2328570,7,2,2,0
2628898,DAYTONA RED,2013,G,70080,2327559,2628897,9,2,0,0
2628952,GROUNDBREAK,2014,G,115180,2624602,233220,10,2,3,0
2628956,UNFORGOTTEN,2014,F,1095520,264216,2581614,8,4,2,0
2628962,SPRIGHTLY LASS,2013,M,321390,1628857,253916,7,5,2,0
2628972,BANDIPUR,2014,C,204180,36644,2494208,6,3,2,0
2628975,AL PASSEM,2014,C,99100,267782,1691429,6,2,1,0
2629144,WISE HERO,2013,G,323670,1687951,2315695,9,4,4,0
2629279,PELLEGRINA,2014,F,51555,1561296,135046,10,1,1,1
2629287,FURORE,2014,G,155930,2624434,2329485,5,4,0,1
2629386,LUCY ROSE,2014,F,168525,2170124,102334,9,6,0,0
2629424,DIAMOND TATHAGATA,2014,C,271225,2442043,2160116,9,1,1,0
2629425,DISCUSSIONS,2014,G,59070,2329140,203050,9,3,0,0
2629432,DOMED,2013,M,138575,2143899,2466790,10,3,3,3
2629489,FLORID,2014,G,65795,36644,2629488,10,2,1,2
2629490,REGENT,2014,C,57590,100059,253227,5,1,2,0
2629491,SHEIKHA,2014,F,121920,2327559,2448608,7,2,1,2
2629496,BELLA VELLA,2014,F,68825,36644,2629495,10,3,3,2
2629498,CURDLED,2014,G,118775,2624602,2386732,10,1,4,2
2629499,ANGEL'S BOY,2014,G,92775,1628857,1683115,7,2,0,4
2629500,ASSIMILATE,2014,C,308450,2327559,83939,8,3,1,0
2629598,NISTAAN,2014,G,84400,2342890,2148740,6,1,1,1
2629600,GARRARD,2014,F,61250,2471331,2597784,6,1,3,0
2629616,GOLD FEVER,2014,F,113275,263423,2374024,6,3,0,3
2629627,SHE BRINGS JOY,2013,M,67280,2327559,1564331,8,1,1,1
2629691,CRYSTAL FOUNTAIN,2013,M,176450,263434,2460474,9,5,0,1
2629779,MULU MAGIC,2013,M,49545,1590168,2448018,9,1,1,4
2629929,THE BIG SHOW,2014,G,61410,2133656,2335260,8,2,1,2
2630005,HONG QIGONG,2014,G,58305,2624434,2495345,8,1,2,2
2630006,TREKKING,2014,G,206170,1483835,2487437,8,1,1,2
2630010,SHE WILL REIGN,2014,F,3204400,2400910,2451858,10,6,1,0
2630021,YEAS AND NAYS,2013,M,51155,2594450,43335,10,1,4,1
2630031,DEXTER YOU DEVIL,2014,G,90500,2475455,2488094,7,3,3,1
2630092,BLACKWOLF RUN,2014,G,49930,2624602,2323164,7,1,2,1
2630100,PRINCESS RIHANNA,2014,F,95150,2560661,2187367,8,2,0,1
2630113,GIVE,2014,C,48700,2471461,2204985,10,1,1,0
2630147,RODIN'S DOLL,2013,M,57065,2414817,202981,9,3,0,2
2630171,ODDS OR EVENS,2014,F,63430,1651572,1657284,8,3,0,2
2630358,EXCELLERATION,2014,F,84985,55191,2494400,9,4,1,1
2630427,MAGNUFIGHTER,2014,C,83900,1658308,2630426,10,3,0,2
2630436,CONDOR,2014,C,113560,264216,2630435,9,1,3,2
2630438,LADY I AM,2014,F,49075,2170124,2191896,7,1,3,0
2630450,MANHATTAN MIST,2013,G,110480,2400910,2450707,7,4,3,0
2630458,SUNSET JEWEL,2013,M,64430,267782,2630457,10,2,2,1
2630468,ABDICATOR,2014,G,183380,2168985,2630467,8,4,2,2
2630527,WEEKEND SAGA,2014,F,53350,2370485,197511,10,2,0,1
2630558,WHISPERED SECRET,2014,F,192700,1570484,2451860,8,2,0,2
2630573,AND SO IT GOES,2013,M,61700,1628857,2336227,6,3,0,2
2630578,DEEP IMAGE,2013,G,91900,183468,2574808,8,3,1,1
2630594,SAINT PATRICKS DAY,2014,C,156700,2612882,2446216,9,3,1,0
2630796,HAVADASH,2013,G,56625,44192,2602689,8,2,1,1
2630808,CAPE WICKHAM,2014,G,56372,264216,3709,6,3,0,0
2630813,TE AMO,2014,F,52609,266753,83577,8,2,1,3
2630814,PINOT,2014,F,733275,2624434,272360,5,2,2,0
2630826,GRIMOIRE,2013,G,53120,103686,257807,5,2,1,0
2630910,TINKERMOSA,2014,F,90450,2553167,2550585,8,2,3,1
2630932,LUCKY ROAR,2014,F,158140,1689762,1631146,8,2,0,1
2630935,DRIFTWOOD GIRL,2014,F,49925,266753,2389666,10,1,1,0
2630999,FORTUNE STAR,2014,G,48420,2405283,1693803,10,1,4,3
2631002,GOLD STANDARD,2014,C,230250,2327559,1682682,5,2,2,0
2631006,GRESHAM,2014,G,82410,2327559,2424896,10,1,5,2
2631011,FROM WITHIN,2014,F,119250,266753,2156847,8,1,1,1
2631070,FALLING WATERS,2014,F,63275,2175062,2465494,9,1,3,0
2631071,LIMESTONE,2014,F,270350,2471461,2476428,9,2,1,1
2631167,MAKE MY OWN LUCK,2014,F,101100,1629508,2543256,6,1,3,0
2631430,AVE,2013,M,67010,2346382,2338788,10,2,4,1
2631431,STREET FURY,2014,F,152200,2310094,2402538,8,3,3,1
2631460,CONSIDERING,2013,M,66695,2414817,2565061,9,2,2,4
2631484,LIFESAVER,2013,G,53085,2471461,1621889,8,2,2,1
2631495,DIVINE UNICORN,2013,G,82465,2560709,2078805,5,3,1,0
2631536,EXCEEDS,2014,F,104750,1628857,2439921,6,1,1,0
2631537,FROLIC,2014,F,1036050,2493092,1652574,10,2,3,0
2631543,DINNIGAN,2014,F,120000,1628857,2412946,7,1,3,1
2631548,WINTER BRIDE,2014,F,131025,266753,2158127,10,3,4,0
2631549,YULONG XINGSHENG,2014,F,146690,2170124,267633,8,2,1,0
2631553,NATIONALITY,2014,G,48810,36644,2168652,5,2,0,0
2631558,HUALALAI,2014,C,125950,1483835,2413443,6,2,1,0
2631587,DAZZLING RED,2014,G,112550,1654041,2595687,10,3,2,0
2631621,MISS JANE,2013,M,55200,2443023,2449793,5,3,1,0
2631628,SNITZKRAFT,2014,C,412300,1628857,2476429,9,4,2,1
2631638,DIJON BLEU,2014,F,307700,2481959,2560032,10,5,2,1
2631694,SANADAAT,2014,F,71500,266753,2346689,6,2,0,1
2631728,ARTIES DREAMWINNER,2013,M,52025,1590168,2452353,7,2,1,1
2631895,MAGIC SEARCH,2014,F,70155,103686,2429637,9,3,1,1
2631897,STAR SENSATION,2014,F,129925,2450876,2631896,10,3,2,3
2631902,HAN XIN,2014,G,100975,2471331,2359769,7,2,0,3
2631911,SO HARD TO CATCH,2013,M,49440,2161466,2362500,9,2,1,2
2631967,LADY LE JEAN,2014,F,51050,2365980,94938,6,2,0,1
2631969,EPIC GREY,2014,G,242850,2546406,53353,9,3,4,2
2631976,THE SHOE,2014,G,96146,1676953,2606958,9,1,1,2
2632000,ROSEWEDGE,2013,M,51785,2592662,2576443,10,2,4,1
2632012,D'ARGENTO,2014,C,704275,2414817,1628095,6,4,0,1
2632014,WILD HEART,2014,G,150925,2442043,2338169,7,2,1,1
2632016,MENARI,2014,C,619050,1628857,2157514,7,3,1,0
2632020,BOOROOJ,2014,F,56615,55191,192377,8,2,0,3
2632023,PRETTY FAST,2014,F,201735,266753,2446042,9,4,0,1
2632026,CHAR CHAR,2013,G,52875,264201,2188626,8,3,1,1
2632073,RUBY SEA,2013,M,74510,2327559,1624325,9,2,3,1
2632077,FELTON ROAD,2014,C,118750,135383,2005725,8,3,0,2
2632105,SUPER TONIC,2013,M,65715,1634049,2460085,9,4,0,0
2632123,MOSSBELLE,2013,M,57440,116099,1649661,10,2,2,2
2632291,KIRK ELLA,2013,M,48435,100059,1313316,6,1,2,1
2632293,PADRAIG,2014,G,57187,2612576,43042,8,2,0,2
2632381,SIAM,2014,G,71660,55191,202228,7,2,1,2
2632384,MEMORY BANK,2014,F,109500,2470789,185244,5,3,0,1
2632408,KANDY,2014,F,50595,1561296,172752,5,2,0,0
2632483,BONNEY,2013,M,48500,2383365,2632482,10,1,3,2
2632508,JADENTOM,2013,M,96900,2405283,272591,8,4,3,0
2632578,VIGORISH,2014,G,62115,1691418,2316364,10,2,3,1
2632580,BALANSA,2013,G,63735,74281,1699621,7,2,1,0
2632653,LIPIZZAN,2014,F,170675,2327559,2459560,8,2,3,1
2632654,AONAIR,2014,F,91685,264216,2155720,9,2,1,2
2632661,WATCHDOG,2014,G,60500,2471461,210878,5,1,2,0
2632666,MEROVEE,2014,C,71725,2618088,2456352,6,1,2,0
2632716,EGYPTIAN BULLET,2014,F,142535,2625432,2350299,10,5,0,0
2632739,OCEAN JEWEL,2014,F,185100,2495789,1699363,7,4,1,0
2632745,KENTOO,2014,G,96891,88699,2330405,10,2,0,0
2632753,DEBELLATIO,2014,G,240700,2470789,1649700,10,3,0,3
2632768,ROOMOOZ,2014,F,137500,264216,2474744,6,2,0,0
2632779,PROPERTY,2014,G,390800,254898,2574141,7,3,1,0
2632930,PARIAH,2014,C,541100,147271,2490348,8,2,3,0
2632937,KEMENTARI,2014,C,1486250,100059,2474382,10,4,2,2
2633009,TANGO ORA,2014,G,74700,264077,1699157,9,2,3,0
2633029,THAT RINGS A BELL,2013,M,79690,2414817,2551001,10,4,1,0
2633043,PRUE,2014,F,59166,2461214,1624933,10,2,1,1
2633097,ORGANZA,2014,F,74015,1483835,2451008,5,2,1,0
2633098,SAVATIANO,2014,F,185905,1483835,232105,9,2,4,0
2633103,MANICURE,2014,F,153625,55191,221044,5,2,1,0
2633109,TOGA PICTA,2014,G,71300,100059,2327553,9,1,1,0
2633115,CHOICE HARVEST,2014,G,70350,33335,2337223,10,2,2,2
2633134,DRACARYS,2014,C,171950,1628857,2491921,6,2,1,0
2633284,SCARECROW,2014,G,124650,2624223,270905,5,3,1,0
2633293,OMOROSE,2014,F,52004,2414817,1649294,9,2,3,1
2633384,BROOK MAGIC,2014,F,116560,2442043,2469870,9,3,2,0
2633389,IDENTIC,2013,M,65300,2170124,2633388,9,3,2,2
2633392,CHALMERS,2014,G,73520,116099,2325307,9,3,3,0
2633412,SAM'S IMAGE,2014,G,237600,2325324,1660689,10,2,1,2
2633435,AEECEE TONG DE,2014,F,74470,2624434,249999,6,1,2,0
2633438,WARRANTY,2014,F,152630,2624602,2468669,7,3,0,1
2633439,ALL TOO SOON,2014,F,129815,2624602,1692954,9,3,1,3
2633442,SEDITION,2014,G,124360,55191,2420809,8,2,3,1
2633452,ALMIGHTY,2014,C,61875,55191,2336225,7,2,1,2
2633458,SHARPNESS,2013,M,55880,2375148,266866,9,2,1,0
2633459,ACTION,2014,G,351200,2624434,23967,6,2,1,2
2633468,NEW AGE,2013,M,68785,1710543,2412565,6,4,1,0
2633559,LADY OF CREBILLY,2014,F,101700,33335,2633558,8,2,2,1
2633565,CABEIRIAN,2014,G,49580,1628857,2515792,9,2,2,0
2633619,NICCANOVA,2013,G,284700,2342890,2633618,6,4,0,2
2633628,GIRL IN A MILLION,2014,F,51600,2624607,26878,7,3,2,0
2633652,JUSTICE GLORY,2014,F,54250,264216,2487550,7,2,0,1
2633763,SHIVER ME TIMBERS,2014,F,55845,2466740,2513326,10,1,2,3
2633783,RESISTANCE,2014,F,96700,2407720,2571222,10,1,2,1
2633786,RETOSONA,2014,F,81000,2375148,91259,10,2,1,1
2633825,BLONDIE,2014,F,194200,2402201,2175167,10,3,1,0
2633826,CHATEAU GRIFFO,2014,F,50015,2327559,2357625,8,1,1,2
2633827,CHERIEF'S CHOICE,2014,F,59315,147271,2200050,9,1,3,1
2633873,MILEAGE,2014,F,51115,2442043,201426,7,2,2,0
2633886,CORUSCATE,2014,G,103650,55191,2496907,8,1,2,2
2633896,ALTA STELLA,2013,M,89750,2450876,98241,7,3,0,2
2633899,ROYAL PHOENIX,2014,G,54255,2541568,2448603,7,1,0,1
2633905,JOYFILLY OURS,2014,F,56303,2484082,2388270,9,1,2,1
2633907,BOORADLEY,2013,G,65650,2342890,2312615,9,2,1,4
2633909,THINK BABE,2013,G,104400,2414817,2434014,10,2,3,1
2633920,TRULY BELONG,2014,F,89800,2560661,2633919,7,3,1,0
2634051,DUCIMUS,2014,C,134600,1628857,272061,5,2,1,0
2634054,UNDOUBTABLE MISS,2014,F,172610,266753,172585,9,1,3,0
2634080,I'M A PRINCESS,2013,M,84100,1570484,252563,9,3,2,0
2634132,WOOSHKA,2014,F,59030,1647734,2482498,6,2,1,1
2634140,GO DADDY GO,2014,C,106265,2595608,2634139,5,1,0,1
2634164,CONFLUENCE,2014,G,113610,2383365,2159968,10,1,5,1
2634188,BEL SONIC,2014,G,215500,14219,2379227,6,3,0,1
2634198,STRATEGIC SPIN,2013,G,59565,2344636,2634197,10,3,2,0
2634200,SILENTZ,2013,G,63575,1628857,1678168,6,2,2,0
2634234,COSMOLOGIST,2013,G,108430,2595608,2591005,7,3,0,1
2634262,FORCEFUL,2014,G,76460,2161466,129000,5,2,0,0
2634274,MIRACLE MAN,2014,G,184000,195288,1664047,10,3,2,1
2634276,SENTIMENTAL FRIEND,2014,G,74005,267782,160279,8,2,2,0
2634326,SANCTIONED,2014,G,194150,2147337,2361495,9,1,2,2
2634333,EDITORS,2014,G,59680,1483835,2634332,9,3,0,2
2634335,SCHUBERT,2014,G,113570,100059,2461977,9,2,3,3
2634339,CATESBY,2014,G,77830,2103954,105912,9,3,1,2
2634340,CHATELARD,2013,G,96580,2355495,2389701,9,3,1,1
2634341,SEXY EYES,2013,M,64320,1647734,75096,7,2,2,1
2634357,SOMETHING VIOLET,2014,F,52910,36644,1641973,6,1,0,1
2634363,SHOWASHADOW,2014,F,109500,263440,2473697,10,2,1,0
2634455,CHARLIE ROCKET,2014,F,50275,2106137,256963,8,2,2,0
2634534,PAH TERIE,2014,G,113300,163247,2517562,6,1,0,0
2634537,UMBERTO,2014,G,156600,266753,2595692,10,2,4,0
2634603,HONNEUR NOIR,2013,M,56525,273563,95909,9,4,2,0
2634605,LOVE AFFAIR,2013,M,98250,263423,151935,7,4,1,0
2634611,MARISHKA,2014,F,65105,55191,10875,5,2,1,0
2634617,LUVALUVA,2014,F,500650,2344984,2634616,10,4,1,0
2634638,ACQUME,2014,F,143825,2471331,2158384,9,2,3,1
2634644,SASSO CORBARO,2014,F,150680,2624602,2405295,7,3,2,0
2634651,BOYISH,2014,G,61585,2442043,2634650,9,2,0,2
2634655,ALMIGHTY CROWN,2014,G,123550,1483835,2458532,10,2,1,2
2634657,ATARAXIA,2014,G,132605,2147337,254507,7,2,1,1
2634680,FABRICATION,2014,F,53325,2161466,2544274,10,2,2,1
2634741,RIEL REWARD,2014,G,54625,2402201,2492615,9,1,3,2
2634743,ABERRO,2014,C,116750,2624602,1696428,8,1,2,0
2634744,IL DIVO,2014,G,54510,2082084,2385627,10,1,0,1
2634746,VALIANT SPIRIT,2014,G,179165,2329140,1685354,8,2,1,1
2634747,TARCOOLA SPIRIT,2014,F,134150,1629509,2207620,10,2,2,1
2634820,LORD SUNDOWNER,2014,G,112210,2161466,56817,9,3,3,1
2634944,LEATHER'N'LACE,2014,F,206350,1483835,72769,8,3,1,3
2634946,REMEMBER THE NAME,2014,F,48500,2560709,172568,8,1,1,0
2634963,KELLY'S GEM,2014,F,53000,2139871,2381243,5,1,0,1
2634996,INN KEEPER,2013,G,132175,1606661,267020,7,5,1,0
2635011,ZA ZI BA,2014,F,111825,2624602,1678120,10,3,0,1
2635015,DANCERS,2014,F,62750,2493092,2592388,7,2,1,2
2635027,SPARKY LAD,2014,G,136175,2470789,2584276,9,2,1,1
2635028,COMFORTABLE,2013,G,67720,2592662,117954,9,3,0,4
2635029,THE AVENGER,2013,G,121450,2470789,2600979,10,3,3,0
2635031,BEST GUESS,2013,G,156065,269852,249150,9,4,1,2
2635033,NICOCHET,2013,G,60395,2342890,2430079,10,3,1,3
2635123,SEIZED,2014,G,121615,2375148,2366934,10,1,4,1
2635124,BELLA MARTINI,2014,F,357700,1629509,1678354,8,4,1,1
2635164,MISS IMAGINATION,2014,F,70910,264216,2608473,7,3,0,0
2635245,LAUSSEL,2014,F,70205,2541568,2606232,5,2,1,1
2635248,SEINE NET,2014,F,72440,1483835,243528,9,2,3,2
2635249,REGIMEN,2014,F,140295,2471331,2154865,10,3,2,0
2635254,OUR CROWN MISTRESS,2014,F,189750,2450876,2466582,5,4,1,0
2635255,BRAVE SONG,2014,C,173020,2624607,1647459,7,3,1,1
2635261,SAVAPINSKI,2013,M,295905,263423,2591681,10,4,1,1
2635293,SHOALS,2014,F,2004270,264216,2635292,9,6,2,0
2635316,LOTA CREEK GOLD,2014,G,52100,2475395,2615809,7,3,0,0
2635390,BLACK SAIL,2014,C,101275,263423,2149546,10,1,3,1
2635393,FINE SCENT,2014,F,56600,2624602,132500,8,1,3,1
2635405,SCALPEL,2013,G,97580,269852,2515219,9,2,1,1
2635473,SMARTEDGE,2014,G,91355,2470789,2635472,7,2,2,1
2635476,BANNER SEASON,2014,G,52815,1541719,1559225,8,1,0,2
2635481,LOVE SHACK BABY,2014,G,57985,2624602,2309340,9,2,2,2
2635482,TAIKOMOCHI,2013,G,72855,1628857,2559438,9,3,0,1
2635625,EARTH ANGEL,2014,F,99550,2541568,1689279,8,1,2,1
2635676,THE BOSTONIAN,2014,G,75656,2444505,2599516,6,3,1,0
2635720,DENMAN DIVA,2014,F,56245,2383365,1692532,5,2,1,1
2635736,DYNAMITE DREAM,2014,F,110925,2383365,2158967,10,3,2,3
2635758,GREYCLIFFE,2014,C,51925,2629649,2510578,7,2,2,0
2635759,MERCHANT NAVY,2014,C,939950,264216,96684,7,5,0,1
2635782,BOCHY,2014,G,61380,2198175,2477916,10,3,1,2
2635798,VELLOR,2014,F,55680,2471331,76943,6,2,1,0
2635799,PENDELOQUE,2014,F,204900,1628857,1695106,6,3,2,0
2635804,BELLA SUCCESS,2014,F,69455,2170124,273095,6,2,0,1
2635805,SPEEDWAY,2014,F,75210,1483835,2477376,10,2,3,1
2635808,THE MIGHTY FED,2014,G,122675,2624602,2405231,8,2,0,0
2635810,SO YOU WIN,2014,G,80760,2414817,2201532,7,2,1,1
2635814,KAONIC,2014,C,99225,263423,2481226,6,2,1,1
2635818,AL MAH HAHA,2014,G,54365,267782,176536,7,1,2,0
2635827,SETOGA,2014,G,67950,2624607,163431,7,2,0,2
2635852,MISS EXFACTOR,2014,F,122650,2624607,2556549,5,2,2,1
2635862,PLOVERSET,2014,F,136800,2310094,2635861,6,1,1,2
2636028,PROJECT,2013,G,72750,1634915,2387574,9,2,2,1
2636048,LIKE A BUTTERFLY,2014,F,267890,18090,2429093,9,3,1,2
2636074,GOLDEN LUSTRE,2014,F,55000,1647734,257388,7,1,2,1
2636081,PURRFECT KISSES,2014,F,81850,2171137,2512462,9,1,1,1
2636115,MANY REWARDS,2014,G,52355,2402201,2461469,8,1,3,0
2636126,ANGELIC SPIRIT,2014,F,50050,2455801,239327,8,3,0,0
2636138,TOY BOY,2013,G,94100,2175062,73861,10,3,2,1
2636169,WASSERGEIST,2014,C,48540,264216,2632918,7,2,1,1
2636199,ROYALE EFFORT,2014,G,49000,2402201,2179745,8,1,2,4
2636220,MASQUERADE,2014,G,183300,2365980,2415164,5,3,0,0
2636228,ARCADIA PRINCE,2014,G,105375,2624434,2208425,5,2,1,0
2636259,SOOTHING,2014,F,56580,100059,2327550,7,2,1,0
2636271,PLUTOCRACY,2014,G,83900,2327559,2346656,7,1,3,0
2636278,LAST WEEK,2013,G,148275,2311652,2636277,10,3,4,1
2636280,BANACHEK,2013,G,51460,1647734,2467532,6,2,1,0
2636472,ANCIENT ECHOES,2014,G,77230,2414817,2193460,8,2,0,4
2636484,YOUNGSTAR,2014,F,164201,1570484,2133943,5,2,0,1
2636504,SAVWELL,2013,G,119650,263423,2170111,10,5,1,2
2636510,RANCHO MONTOYA,2014,C,61700,1570484,81996,6,2,2,1
2636527,KEEN INSTINCT,2014,G,49450,2475395,2457262,6,2,2,1
2636528,MISS MIAO,2014,F,128100,187591,1649844,8,3,1,0
2636551,EXCELAMOUR,2014,F,106375,2612882,55533,9,1,3,1
2636569,SPIRIT OF AQUADA,2014,G,65660,14219,2516894,9,1,3,3
2636632,IRON LOTUS,2014,F,77165,2175062,18381,6,4,1,0
2636654,KABINI,2014,F,72850,1647734,1692874,10,1,3,1
2636664,PLATINUM ANGEL,2014,F,150210,1628857,2323180,8,2,1,2
2636820,SUN QUAN,2014,G,106040,2463188,94347,7,3,2,0
2636827,JE SUIS TYCOON,2014,F,132025,1647734,2439518,9,1,1,2
2636828,KEANO TOWN,2014,F,55745,2377293,10601,8,2,2,2
2636838,HIYAAM,2014,F,667740,1570484,2167374,8,2,1,3
2636840,TAGREEDA,2014,F,56550,264216,2334629,6,2,2,1
2636905,SKY BOY,2014,G,73825,1651572,203429,5,2,0,1
2636907,DELFUEGO,2014,G,53260,53796,143740,8,2,0,1
2636908,STONEBROOK,2013,G,139265,2442043,1636436,8,4,2,0
2636914,NOBLE HUSSLER,2014,G,75500,2493092,61610,9,1,2,0
2636986,MEIKAS,2014,F,81300,163247,2577963,8,1,3,1
2636992,ELLIE'S ENCORE,2014,F,114775,33335,2175345,7,4,1,1
2637102,MARBLE,2014,C,118835,55191,2456360,6,3,0,1
2637112,EMBELLISH,2014,C,466264,263423,2490156,7,3,2,0
2637151,FREEZE OVER,2014,F,122150,55191,2637150,10,2,1,3
2637180,SPECIAL ALERT,2014,F,182990,266753,190596,10,2,1,2
2637183,TOUCHED,2014,F,66780,2130437,2627267,7,3,3,0
2637186,PERFECT JEWEL,2014,F,472280,147271,173504,5,4,0,0
2637189,SHOWCASE,2014,F,141800,2310436,2021560,10,3,2,1
2637256,ELLE'S NEL,2014,F,49620,2455622,2338791,8,2,1,2
2637279,PLAYARD,2014,G,54310,2442043,2359795,7,2,3,1
2637282,KATHAIRE,2013,M,50020,2190941,2437832,7,1,4,1
2637451,ANOTHER DOLLAR,2014,F,124650,2495789,2438668,5,2,2,1
2637455,SHANTOU,2014,F,57670,2471331,2400954,7,2,2,2
2637461,HIGHER GROUND,2014,C,226405,2414817,2459770,8,4,1,1
2637479,WORKING FROM HOME,2013,M,113090,2365980,178573,7,4,0,0
2637571,REGINE,2013,M,60210,2344984,2151624,9,3,0,1
2637586,RUPTURE,2013,G,51500,2310094,2405293,10,2,3,1
2637593,GIFTED WARRIOR,2014,G,56310,1472498,2154840,5,2,1,0
2637597,MIZLECKI,2014,F,265600,2560709,2430949,8,3,2,0
2637605,NECKLET,2014,F,147800,1628857,2637604,7,1,4,0
2637608,ROGANELLA,2014,G,179700,2407720,265999,9,2,3,1
2637609,ROCKON TOMMY,2014,G,72500,2139871,2567315,7,3,0,1
2637619,STAR VALUE,2013,G,130700,2106137,2205190,9,4,2,1
2637649,KRONOS,2014,G,70825,2471461,1628386,7,1,0,1
2637666,FAITH IN HAND,2014,F,56825,264216,2182798,10,1,2,2
2637671,AEROVICTORY,2013,G,48845,2161466,2177665,10,1,3,3
2637679,BELWAZI,2013,M,97740,14219,256740,9,5,1,0
2637701,SHE KNOWS,2014,F,166490,2383365,2628658,8,3,2,1
2637760,INVINCIBLE TAMMY,2014,F,49280,2170124,2470063,9,1,3,2
2637776,DIVINE QUALITY,2013,M,200550,2471331,2586811,8,3,3,1
2637785,MR SO AND SO,2014,G,81100,2414817,43130,8,1,2,1
2637786,PORT VALE,2014,G,60100,2414962,266571,8,2,0,1
2637896,SUERTE,2014,F,58050,1629508,2345515,7,2,2,1
2637897,TIME TO PLAY,2014,F,53650,1647548,53491,7,2,1,1
2637900,CAVALERO,2014,G,107075,2471461,2203981,6,2,0,1
2638050,HIGHWAY,2014,F,73000,1570484,2354228,9,2,0,1
2638167,VITAL DANCER,2014,G,96720,2139871,2580417,9,2,1,4
2638172,FATHER KNICK,2014,G,56510,18090,62545,8,4,0,1
2638186,MISSILE LAUNCH,2013,G,181400,2470789,1486010,8,5,1,1
2638220,MISS MILES,2013,M,52050,1628921,203587,9,3,2,0
2638223,BAT A KAT,2014,G,169100,56463,1649251,8,3,5,0
2638229,LET'S PARTY MARTY,2014,G,82975,2329140,2156456,7,2,4,0
2638249,DOUBLE YOU TEE,2014,C,70475,1647734,2615478,9,1,3,1
2638306,LEOGANG,2014,G,73515,100059,2177134,8,3,1,1
2638309,VIRIDINE,2014,C,577250,2594450,2179500,9,4,0,2
2638313,BARBEQUE,2014,G,154230,2471461,1676553,9,2,0,3
2638325,EASY BEAST,2014,G,107710,2476716,2469543,9,3,2,1
2638341,REDEX,2014,G,63650,2477121,147633,10,3,1,2
2638472,ECLAIR CALLING,2013,G,86900,2611486,2182821,6,2,1,1
2638494,TURNBERRY,2014,G,74890,1628857,1685213,7,2,2,2
2638510,BON AMIS,2013,G,196305,1693009,2452841,10,4,4,0
2638701,PLUCKIT,2013,G,53700,2612505,2328249,6,3,0,1
2638778,PELOSO LASS,2014,F,54310,103686,1702319,5,1,3,1
2638904,ITALIA BELLA,2014,F,69050,264216,2483611,6,1,2,2
2638909,GOLDEN GUARDIAN,2014,G,55000,2477121,1697942,6,2,0,2
2638912,SILENT COMMAND,2014,C,77950,36644,2408604,10,2,0,0
2638917,WANTED DIVA,2014,F,109100,2375148,261902,8,2,0,0
2639074,VILLERMONT,2014,C,322860,2624602,20645,9,3,0,1
2639081,HOLY SEAL,2014,F,139250,2170124,1656097,8,4,3,1
2639140,KURNEL JAXON,2014,C,101340,2325324,2610699,9,3,0,1
2639141,EASY EDDIE,2014,G,97340,2476716,2158100,8,3,2,0
2639144,FREE WAY,2013,G,52300,2200529,2588916,9,3,1,1
2639174,SHOOTOUTATDAWN,2014,F,67090,2536182,2458442,9,2,0,2
2639192,MY LITTLE OLIVER,2013,G,54665,2375148,58830,6,2,2,0
2639194,BARCHETTA,2013,M,57650,1483835,2160303,7,3,1,0
2639205,TEMPLE OF BEL,2014,F,203575,14219,2201830,7,2,1,1
2639210,STAR BOY,2014,G,93425,2612505,2440848,6,2,3,0
2639213,VALREE,2013,M,69140,2106137,2340767,9,3,3,0
2639498,MASCULINO,2014,G,160950,2470789,171046,6,3,0,0
2639505,AGE OF FIRE,2014,C,270676,264216,2592878,8,3,2,2
2639546,PENNSTOCK,2014,G,56800,2442043,2333148,8,3,0,3
2639573,HANG,2014,G,191400,34168,2639572,9,5,0,1
2639833,TEMPRADO,2014,G,76610,2624434,104703,7,3,1,0
2639845,MO THE GREAT,2013,G,57690,2595608,2375142,7,3,1,2
2639874,TELLEM WE'RE COMIN,2014,G,69020,18090,1703073,6,3,2,0
2639875,ROGAN SCENT,2013,M,48710,2407720,2370436,10,2,2,2
2639883,NETTOYER,2013,M,171150,2327559,2384461,9,1,1,3
2639936,CHILLY CHA CHA,2014,F,96765,2344984,2546570,9,4,1,1
2639965,LA SCOPA,2014,F,71930,163247,2497151,7,2,2,1
2639976,ONENESS,2014,G,73225,2370461,2610005,8,4,2,0
2640014,MACTIER,2014,G,57250,2402201,2640013,6,1,1,0
2640018,BOOKER,2014,F,469250,1647734,2503367,9,3,2,1
2640019,RIVER JEWEL,2014,F,111470,1628857,1648428,10,1,1,1
2640097,SALSAMOR,2014,C,151675,2629649,2395904,10,1,4,1
2640190,MR FERGUS,2013,G,72245,2310094,172564,8,3,0,2
2640334,PRUE'S ANGEL,2013,M,75850,160334,2453240,10,3,3,0
2640337,FANCY RUMBLE,2014,F,118950,2402201,2379165,9,4,1,0
2640363,RENEWAL,2014,G,112815,2466740,2487907,5,3,0,0
2640374,DANZIE,2013,G,56215,264216,223843,6,2,2,2
2640382,TYCOON DANCER,2014,G,89900,1647734,268149,5,1,0,1
2640405,ROSE'S SHADOW,2014,G,48860,1676953,2200217,6,2,0,1
2640450,LEVENDI,2014,C,1653950,2624434,2608597,9,4,1,0
2640477,MALVERN ESTATE,2013,G,160550,147271,269722,10,6,2,1
2640619,KINGS WILL DREAM,2013,G,330668,2612050,2098926,7,5,0,2
2640674,VICTOREM,2014,G,644600,2170124,2456326,6,5,0,0
2640689,SIEGE OF QUEBEC,2014,C,255375,264216,2164867,6,3,2,0
2640877,LISDOONVARNA,2014,F,126659,2476716,1659977,7,4,0,2
2640922,BEL DIABLO,2014,G,51175,14219,2410426,10,2,3,2
2640942,SNAPCHAT GIRL,2014,F,80400,2560709,2442065,10,3,1,1
2640997,WILDE GEM,2013,G,72500,2560730,2375850,10,3,1,1
2640999,AWESOME PLUCK,2014,G,101125,2612505,2541267,5,2,0,2
2641006,RIDICULE,2014,F,75605,2414817,2186369,5,2,1,1
2641014,ECHO JET,2014,C,50980,2442043,2488092,6,2,0,0
2641026,MISS QUE,2013,M,97880,264216,181946,6,2,1,1
2641036,INVISIBLE PRO,2014,G,62372,2174958,1698930,10,2,3,3
2641050,SUGGAN BUGGAN,2013,G,109950,1687951,59835,10,4,1,3
2641065,LOVE AND ROCK IT,2014,G,96175,2407396,1695855,7,2,2,0
2641194,ANDAZ,2014,G,122425,44192,5048,10,2,0,1
2641195,GEORGICA,2014,G,48560,2495789,66427,7,2,0,0
2641494,STAR GALAXY,2014,F,65480,2450876,243781,6,1,2,2
2641512,FELAAR,2013,G,58325,1641261,2344485,9,2,2,2
2641605,SALTY RAIN,2014,G,52615,243898,266862,6,1,4,0
2641612,PREZADO,2014,G,167350,2383365,2605129,6,1,3,0
2641661,ACQUITTAL,2014,G,89030,2342890,2159496,6,1,3,2
2641681,HOLY SNOW,2014,C,250385,264216,257807,9,2,2,2
2641682,ROYAL SYMPHONY,2014,C,443025,1628859,121177,6,4,0,0
2641707,ABSOLUTLYPOSITIVLY,2014,F,56450,2471331,1678451,10,4,0,1
2641840,AVANTI ROSE,2014,F,85730,2475455,2469360,9,4,0,3
2641930,MODULATE,2014,G,101050,2475455,1467648,10,2,2,1
2641991,I AM KALANI,2014,F,83140,2170124,253095,9,2,3,1
2641992,GENTLE ANNIE,2013,M,68955,203361,1676931,8,3,2,0
2642003,SAVACOOL,2014,F,140830,263423,2356781,6,3,3,0
2642011,SCREAM PARK,2014,C,96584,2495789,2400093,6,2,0,1
2642046,PENDLETON,2013,M,72950,2355495,2482683,8,3,2,0
2642221,THREE SECRETS,2014,G,121000,1689762,253834,8,1,4,0
2642231,JERAFT,2013,G,73910,2142435,99389,5,3,0,1
2642242,JARRETT,2014,G,49090,2611211,2561550,7,2,3,0
2642340,EXCELTARA,2014,G,113890,2612882,2482555,9,1,3,1
2642344,GONE GIRL,2014,F,62825,2349853,1709843,10,3,2,0
2642425,SULLY,2014,G,378160,2525452,2389450,8,2,2,2
2642426,ANCHOR BID,2014,F,102840,1570484,2569992,8,2,1,1
2642427,LAST LIGHT,2014,F,63905,1691418,2622385,10,1,2,1
2642690,HINCHINSTYLE,2014,F,55600,2442043,2504849,6,2,0,3
2642784,PALACE ROGUE,2014,G,81755,2594465,130857,5,2,1,1
2642876,KARISTO,2014,G,51000,1647734,2317622,8,2,3,1
2642977,HOLY BLADE,2014,C,105850,2170124,5078,9,4,1,1
2642979,RODDANDTODD,2014,G,59000,264201,2642978,5,2,0,1
2643074,FLASH CASH,2014,G,54560,2612505,2168144,9,1,5,0
2643222,SATURIA,2014,F,198600,1472498,2576299,10,2,3,1
2643272,MASTER PAT,2013,G,53875,2101642,2416949,9,3,0,0
2643294,POSEIDON'S POOL,2014,G,55150,2624434,2468957,8,2,0,1
2643305,TWITCHY FRANK,2014,F,175450,33335,2386474,8,3,1,1
2643315,FREEHEARTED,2013,M,63000,2127853,202472,6,3,1,1
2643320,WOLFENDALE,2014,G,123825,2147567,1664090,7,3,2,0
2643416,SNITZEL DAY,2014,G,68025,1628857,5583,6,2,0,1
2643492,HIDDEN GODDESS,2014,F,62100,1633144,2153669,6,2,2,0
2643493,HIDDEN MIRA,2014,F,60950,1633144,53186,5,3,0,0
2643594,PUPPET MASTER,2014,C,69170,2592662,2499128,8,2,1,3
2643596,SUPER EX,2014,C,136700,1693721,178675,5,3,0,1
2643598,CRADLE MOUNTAIN,2013,G,80670,232300,2446871,6,4,1,0
2643700,AZABOY,2014,G,77500,1674973,2396909,7,2,0,2
2643771,MAHAMEDEIS,2014,G,314990,1658308,2341498,7,3,3,0
2643841,SHOKORA,2014,F,111940,2342890,2489509,7,2,1,2
2643842,SMART COUPE,2014,F,99300,2470789,39502,7,2,1,2
2643844,JUSTICE FAITH,2014,C,48575,2442043,2556355,7,1,1,1
2643864,STAGGERING,2014,F,50095,1565212,16007,7,2,0,1
2644030,IN GOOD TIME,2014,F,213500,2365980,2453291,5,5,0,0
2644049,JOHNNY WHITESOX,2014,G,132500,163247,2453366,7,3,2,0
2644132,RIVERDANCE LAD,2013,G,61750,2414962,2472701,9,1,5,2
2644174,ESCHARA,2014,F,54020,1483835,2473848,5,2,1,0
2644245,SHE'S SO HIGH,2014,F,343910,2170124,2597079,8,2,1,1
2644252,FRIAR FOX,2014,F,221985,18090,226465,7,4,1,1
2644316,ISLAND MISSILE,2014,G,104490,2470789,2385745,8,2,3,0
2644318,ADDICTIVE NATURE,2014,C,169675,263423,2495572,6,2,1,2
2644346,I AM IMPINGE,2014,G,51750,2170124,1663955,8,2,1,2
2644348,WHYPEEO,2014,G,343585,2170124,1636312,9,5,0,1
2644349,SHESEES EVERYTHING,2014,F,74250,2450876,274081,7,1,5,0
2644364,WAS IT WORTH IT,2014,G,48600,2407396,1386014,8,3,1,0
2644444,ANTIPAS,2014,G,53300,183468,60598,10,3,2,1
2644505,MR MARBELLOUZ,2013,G,155650,2407396,2508077,8,6,1,1
2644639,MANDYLION,2014,F,148610,2342890,1698454,5,2,1,0
2644643,ABSOLUTE,2014,G,86465,1483835,32661,9,2,3,2
2644682,XBOX,2014,G,102150,2481135,1695556,7,2,1,1
2644716,SNOGGING,2014,F,109735,2170124,174758,10,3,0,2
2644813,EMSIE IS A STAR,2014,F,109850,56463,2409800,6,3,0,1
2644819,ICONOCLASM,2014,C,286125,2454569,67657,6,4,0,0
2644831,LEICESTER,2014,G,535730,2375148,2644830,8,3,1,1
2644959,BEACON,2014,G,92835,100059,2591038,6,2,2,0
2645058,WAIMEA BAY,2014,F,76355,2624602,2645057,8,3,2,1
2645126,CRYSTAL SPIRIT,2014,G,121150,14219,266866,8,1,6,0
2645127,ONEHUNDRED PERCENT,2014,G,101750,2442043,2387715,5,3,0,1
2645254,FREDDIE FOX TROT,2014,G,82710,2592662,2410422,5,4,0,0
2645315,BORN TO FIGHT,2014,G,63925,2310094,1709844,10,1,1,2
2645487,DARK DREAM,2014,G,204901,2325324,2156995,7,2,5,0
2645508,NACAR,2013,G,53364,2018958,2645507,10,1,4,3
2645582,SAM SLICK,2014,G,57630,176359,2495080,10,1,2,3
2645703,WEE CENT,2014,F,127255,2560709,272062,7,4,0,0
2645721,HOODLUM THUNDER,2014,G,50535,18090,121032,8,1,2,0
2645814,PROBLEM SOLVER,2014,F,225910,2442043,274375,7,1,6,0
2645821,CALIFORNIA TURBO,2014,G,167055,264216,268961,5,3,0,1
2645829,SURJIN,2014,C,69735,1629509,2454462,8,1,1,2
2645853,TAVISTOCK ABBEY,2014,G,52160,2629649,1668578,6,2,1,0
2645969,BLOOD MOON,2013,M,57735,2147567,2555475,7,4,1,0
2645994,PAMELA JOY,2014,F,61464,2471461,2481285,9,2,3,2
2646002,MAGNESIUM ROSE,2014,F,132600,1658308,2565094,6,2,1,1
2646112,INTO RIO,2014,G,54300,2640570,2514007,10,3,0,0
2646189,ANOTHER SIN,2014,G,103550,2329140,2336882,7,2,1,0
2646242,DON'T LEAVE ME OUT,2014,G,57400,2405283,2338948,5,1,3,1
2646283,BASARA,2014,F,159475,2342890,12238,8,3,0,3
2646445,OVER EXPOSURE,2014,G,200400,2405283,2646444,8,3,2,1
2646563,PRES DE TOI,2014,F,54975,2471461,124187,9,2,0,3
2646564,FORSURE,2014,G,79840,1658308,117814,9,1,3,2
2646569,REINDEER MOON,2014,F,48550,2370485,2156906,5,3,0,0
2646642,THE REGIMENT,2014,C,49490,2442043,1697156,10,1,2,2
2646699,IGGY THE MOOCHER,2014,G,78610,33335,2599294,8,3,1,3
2646728,WATCHMESPIN,2014,F,88300,2471331,2347067,8,2,0,0
2646753,FLYING ROSE,2013,M,54190,1629509,2454462,8,1,5,1
2646789,KING RAGNAR,2014,G,54900,2407396,2492309,8,3,2,0
2646841,RED CHOUX'S,2013,G,74390,2444505,1716345,10,2,5,2
2646847,TEA FOR CHOUX,2013,M,74850,2444505,2574956,9,2,3,1
2646871,ANNA'S JOY,2013,M,53355,2375148,152387,8,2,3,1
2646873,DON'T GIVE A DAMN,2013,G,292120,1693009,2646872,7,5,1,0
2646963,STREET SHEIK,2014,G,98890,2310094,1674096,5,1,3,1
2646973,THE MAYOR,2014,G,65475,1630056,2595228,7,2,1,1
2647195,WON WON TOO,2014,G,129115,2629649,2410638,8,2,1,0
2647255,HIGH 'N' DRY,2014,G,78060,1570484,2503761,6,1,1,1
2647367,VINEYARD,2014,G,55645,1689806,274805,6,2,2,0
2647402,MISTY METAL,2014,F,55125,264077,2471314,7,2,1,1
2647507,NOT ONLY FLORINA,2013,M,95769,2461183,2634487,8,3,1,0
2647667,PRINCETON SPIRIT,2013,G,71250,1678404,2636932,5,4,0,0
2647740,PARET,2014,C,51395,2611211,2533885,5,1,0,1
2647818,MISS BELISA,2014,F,54825,2560709,2407013,9,3,1,0
2647917,MOET ROSE,2014,F,52150,14219,2459673,5,1,0,2
2647951,ZOFONIC DANCER,2014,G,118875,2593191,1715088,8,4,0,2
2647978,CREEDENCE,2014,G,55700,2471461,2384614,6,1,0,1
2648009,SKILLFUL STEPS,2014,G,70500,267782,2648008,7,3,0,1
2648094,BRAVO TANGO,2014,C,73550,1561296,233350,5,2,1,1
2648152,NEWSFAN,2013,M,176340,2593191,2648151,5,2,3,0
2648162,INVINCIBLE GANGSTA,2014,G,54155,2170124,2454359,6,2,2,0
2648166,THINK BLEUE,2014,F,289650,2414817,267771,7,4,1,0
2648359,ULTRA SMART,2014,F,72300,2470789,1710008,5,1,0,2
2648445,SOPRESSA,2014,F,433420,2414817,264421,9,2,2,2
2648457,MIESZKO,2014,G,51915,1658308,272406,8,1,1,0
2648516,VIN DE DANCE,2014,G,701821,2319012,2387188,10,2,2,2
2648524,MISSION HILL,2014,G,63672,2147337,2446147,8,4,1,0
2648595,SUNLIGHT,2015,F,1840450,2648594,2448608,6,5,0,1
2648605,VAINSTREAM,2014,C,65750,14219,2384834,5,3,0,2
2648651,STYLISH MISSILE,2014,F,68935,2470789,2648650,6,2,0,2
2648658,MISTER SONGMAN,2014,G,87300,2642954,271718,6,4,0,1
2648695,HOPES ETERNAL,2015,G,189850,1647548,262234,6,2,1,2
2648768,SIR NATE,2015,C,90875,1678404,2398691,5,3,0,0
2648774,WOULDA THOUGHT SO,2014,G,52955,2414817,257558,7,1,1,2
2648778,SPRING CHOICE,2014,G,163255,33335,2020618,7,2,3,1
2648919,HONEY ESPRIT,2014,F,119260,14219,125995,6,2,0,2
2648935,SETSUNA,2015,F,274100,33335,1688855,5,2,1,0
2649192,MONGOLIANCONQUEROR,2014,G,219571,2495789,2391483,9,2,3,1
2649193,DANZDANZDANCE,2014,F,140821,2344984,2566674,6,1,1,2
2649217,DANCING DIVA,2015,F,73175,2330453,2427176,9,3,2,0
2649248,MAXIMUS,2013,H,94600,1590168,2488771,10,4,2,2
2649285,EVER LOYAL,2014,G,126225,2327559,2170149,7,2,2,1
2649302,ON THE ROCKS,2014,C,127250,2553167,227578,7,3,0,1
2649313,CONNERY,2014,G,64840,2643980,2472227,8,2,3,1
2649344,HOLBIEN,2014,G,136260,2643980,2610490,5,3,0,1
2649414,SEMARI,2014,F,58915,2327559,2401621,6,3,1,0
2649424,BONDI,2015,C,210205,1628857,2558461,6,1,1,2
2649425,OUTRAGEOUS,2015,C,153555,2624602,2456475,5,1,1,1
2649430,FIESTA,2015,F,318750,2170124,2150753,5,1,2,1
2649467,CYCLONITE,2015,G,48725,264201,2480170,8,2,0,0
2649605,VILLA SARCHI,2014,G,55560,1647734,1648100,6,2,0,2
2649628,VELOCITA,2014,F,93360,2327559,267165,8,2,1,3
2649641,TEODORA,2014,F,60250,2147337,2479633,9,2,1,1
2649712,IN LOVE WITH PARIS,2014,G,273300,2407720,2512518,7,4,1,0
2649736,OKANAGAN MISS,2014,F,53650,1628921,2168710,6,3,0,0
2649796,TEQUILA TIME,2015,G,286940,1629509,1648566,6,4,0,1
2649802,RUN NAAN,2015,C,122100,2461183,2649801,5,2,0,1
2649822,VIA BALCIANO,2013,G,51700,2170124,1675906,5,2,1,1
2649893,I AM DEXTER,2014,G,65250,2475455,2635223,9,4,3,0
2649894,SILENT GENERAL,2014,G,63165,2165970,2375874,6,2,2,0
2649946,STUNTS,2015,C,76680,100059,2474186,6,1,1,2
2649978,AVANTAGE,2015,F,762370,264216,2494221,5,4,1,0
2649991,SANGLIER,2015,C,77105,2499228,115701,5,1,1,1
2650010,HOLD ON,2013,M,54050,163247,2585103,6,4,1,0
2650101,LIGHT ROMANCE,2014,F,116600,100059,76453,5,2,0,2
2650120,NATURE STRIP,2014,G,339600,2342890,260167,6,4,2,0
2650188,CAROLINA REAPER,2015,G,85100,2133656,2576299,7,1,0,0
2650190,PARTY NIGHT,2015,F,114374,2478695,2650189,7,1,1,1
2650210,LEGISLATION,2015,C,95200,266753,2612221,6,1,0,0
2650357,PALAZZO VECCHIO,2014,F,96625,264216,2334630,8,2,1,1
2650364,ENCRYPTION,2015,C,297500,100059,2650363,6,1,2,1
2650501,VALUATE,2015,F,59400,56463,2107097,9,2,2,1
2650509,MISTER SMARTEE,2014,G,57570,2470789,1682852,7,2,0,1
2650573,PEACEFUL STATE,2014,C,431075,2541568,1702048,8,3,2,1
2650644,GRANNY RED SHOES,2015,F,62515,266753,2338794,5,1,2,0
2650692,BLUE MORPHO,2014,F,103400,1307028,274012,6,2,2,1
2650714,ONLY WANNA SING,2015,G,74050,2642954,2376704,5,1,2,0
2650767,KENTUCKY BREEZE,2014,G,107200,2643980,264946,5,2,0,0
2650785,DAWN DAWN,2014,F,63865,2624602,2377229,5,2,0,2
2650884,SECRET LADY,2015,F,204225,33335,224799,6,1,2,0
2650898,SEAWAY,2014,C,101175,2495789,2443571,6,3,2,0
2650978,LONG LEAF,2015,C,289500,264216,2407384,6,3,0,0
2650999,SEABROOK,2015,F,556300,2442043,2561302,5,1,0,1
2651028,CYCLONE TOPGIRL,2015,F,154800,1523754,1629420,6,5,1,0
2651049,RUBY GEORGIE,2015,G,64300,2330453,2491056,5,2,1,2
2651076,SECRET BLAZE,2015,G,57765,166315,2496623,6,1,1,1
2651123,FEMME FIREBALL,2014,F,68100,2643980,2651122,7,3,0,0
2651222,BLUE BOOK,2015,G,229575,1634887,2434143,5,3,0,1
2651240,DIXYVILLE,2014,F,57000,2176137,2456878,6,3,0,1
2651306,MISS SARA,2015,F,141050,2484588,267206,9,1,2,3
2651362,POWER O'HATA,2014,F,74375,2612576,2402457,6,3,0,2
2651405,DYSLEXIC,2014,F,78690,2592662,2583387,5,2,1,0
2651442,KNIGHT COMMANDER,2013,G,58435,2414962,1712579,5,3,0,0
2651475,PERFECT PITCH,2015,F,89460,2643980,2459560,5,1,0,1
2651508,RAGGED RASCAL,2015,C,138620,2383365,2626872,7,1,2,0
2651770,SEBERATE,2015,C,94250,2327559,2155226,5,1,1,0
2651792,JOIE DE DREAM,2014,F,52080,2466740,2495495,9,1,3,3
2651869,ENDOWMENT,2014,G,49071,263423,2628244,7,1,1,1
2651941,HOT SHOT HARRY,2014,G,56415,1647734,154503,5,1,2,0
2652020,MR MONEY BAGS,2014,G,125380,1647734,2456473,7,2,1,0
2652173,SHE'S A THIEF,2015,F,91650,2560661,1652852,5,2,1,1
2652214,NATIVE SOLDIER,2015,C,64600,2471331,1693463,5,2,0,1
2652235,PRETTY TO SEA,2014,F,60270,2495789,2440536,6,1,1,3
2652244,SPURCRAFT,2013,G,61525,1647548,2652243,6,4,0,2
2652331,CONQUERING LASS,2014,F,57000,2407396,1520642,7,2,1,1
2652466,BOCCE,2015,C,103460,2592662,2141430,5,1,0,1
2652585,SIZZLING BELLE,2015,F,226785,166315,2175040,6,3,1,0
2652871,FUTOOH,2015,F,191950,2327559,2443409,5,1,0,0
2652926,HOW TO FLY,2014,F,149800,1647734,2489398,6,3,2,1
2652973,CRAIGLEA ELLA,2015,F,58600,2176137,2652972,10,2,1,2
2653010,TIESTO,2015,G,112882,1587546,62276,5,1,1,2
2653127,DOUBLE THE MAGIC,2014,F,49250,103686,2314943,7,2,1,1
2653174,MONGOLIAN MARSHAL,2014,G,65579,1570484,2454976,7,2,1,1
2653410,BELFAST,2014,C,66850,2147337,2466297,6,2,1,1
2653860,CHESTEN FLYER,2014,G,56885,1664544,1714198,5,2,2,1
2653901,OUR LONG SALI,2015,F,66105,2626259,1658543,5,3,0,1
2654257,MO FEMME,2014,F,58650,2595608,2654256,5,3,0,1
2654445,BANCA BET,2014,F,71775,2381948,2605704,5,3,2,0
2654485,REZEALIENT,2014,G,198780,2327559,260067,7,1,3,0
2655336,MISHANI HUSTLER,2015,C,310975,2507859,2655335,5,4,0,0
2655459,PEARLS AND PRAWNS,2014,F,58190,2476716,2608985,5,4,0,1
2656101,POETIC DREAM,2014,H,173220,2594450,2656100,5,2,0,2
2657517,A SHIN ROOK,2014,H,195493,2101233,2164954,10,2,2,3
2657771,ARAAJA,2013,M,124333,2092681,2147413,10,4,1,0